year,mileage,seating_capacity,transmission,air_conditioning,fuel_efficiency,model_year,num_features,fuel_type,vehicle_type,brand_tier,rental_rate,base_rate
2015,87834,5,manual,True,11.70445880586405,2015,8,petrol,suv,mid-range,97,50
2012,121420,5,manual,True,24.022590960963363,2012,9,hybrid,suv,budget,83,50
2021,49379,4,manual,True,14.928738569199947,2019,3,petrol,sedan,budget,71,50
2023,12023,7,manual,False,13.001971268752403,2021,3,petrol,suv,premium,130,50
2019,71109,5,manual,True,14.400178135332464,2017,4,diesel,sedan,mid-range,88,50
2016,108628,4,manual,True,15.242212825418644,2015,5,diesel,suv,mid-range,87,50
2021,40792,7,manual,True,17.87354713374851,2020,10,petrol,van,mid-range,132,50
2013,137026,7,manual,True,10.242713974546547,2011,1,petrol,van,premium,117,50
2015,110801,7,automatic,True,20.313950314817042,2014,7,diesel,suv,budget,102,50
2018,81709,5,automatic,True,26.505147122394693,2018,9,cng,hatchback,budget,83,50
2011,155615,5,automatic,True,17.988785343492346,2009,8,petrol,van,mid-range,111,50
2015,99403,5,automatic,True,14.989022662890529,2015,5,petrol,sedan,mid-range,96,50
2019,67965,7,automatic,True,16.86806104956267,2017,4,diesel,luxury,mid-range,132,50
2019,68078,7,manual,True,14.469655956768772,2019,7,petrol,van,premium,129,50
2016,104624,2,manual,True,21.794962565143166,2014,5,hybrid,sedan,premium,95,50
2013,123064,2,manual,False,22.827450193405845,2013,7,hybrid,sedan,premium,86,50
2012,180312,5,automatic,True,14.946762669743023,2010,1,diesel,van,mid-range,99,50
2016,103214,7,automatic,True,10.476099540511795,2014,1,petrol,suv,budget,97,50
2016,101407,8,manual,True,21.28526307930429,2015,10,hybrid,sedan,mid-range,114,50
2011,160215,4,automatic,True,21.971604040800713,2011,3,diesel,sedan,luxury,118,50
2014,114097,5,manual,True,21.077590138414156,2013,2,hybrid,suv,mid-range,90,50
2013,133725,5,automatic,True,20.2980024213549,2013,2,diesel,hatchback,premium,91,50
2010,138849,8,manual,True,21.12400667932046,2009,7,hybrid,hatchback,budget,90,50
2016,110901,7,manual,True,17.269928294064982,2014,10,diesel,van,mid-range,125,50
2020,34200,7,manual,True,20.586779815569123,2019,2,diesel,sedan,budget,83,50
2022,24662,5,manual,True,11.882400271429834,2021,4,lpg,suv,mid-range,103,50
2014,130102,5,manual,True,19.444830960953226,2012,2,diesel,suv,luxury,135,50
2010,167416,4,manual,False,20.319798076558666,2009,6,diesel,suv,luxury,131,50
2024,444,4,automatic,True,12.186631013327126,2022,8,petrol,sedan,mid-range,106,50
2020,39001,7,manual,False,20.521651020525198,2020,10,diesel,van,mid-range,122,50
2013,138122,7,manual,True,14.677829466322542,2012,4,diesel,luxury,luxury,177,50
2009,144133,8,automatic,True,17.397301506332767,2009,5,petrol,suv,premium,118,50
2020,37714,8,automatic,True,12.833968025513954,2018,4,petrol,hatchback,budget,100,50
2018,63259,5,manual,True,18.983783101504766,2017,3,diesel,sedan,mid-range,83,50
2014,142905,7,manual,True,20.87645098785687,2014,5,hybrid,suv,mid-range,108,50
2021,31892,7,manual,True,14.054284423814622,2020,9,diesel,hatchback,mid-range,112,50
2020,63836,7,manual,True,15.293225603738009,2018,8,petrol,suv,mid-range,118,50
2017,71040,4,automatic,True,14.347649970409364,2017,8,diesel,van,mid-range,115,50
2009,191997,5,manual,True,17.995970803349774,2009,8,petrol,hatchback,mid-range,73,50
2019,47291,4,manual,True,21.231840072446726,2017,8,diesel,suv,budget,95,50
2019,63618,8,automatic,True,12.10455771066833,2018,7,petrol,luxury,mid-range,144,50
2023,15222,5,manual,True,14.60864703211595,2023,8,petrol,sedan,premium,116,50
2018,76027,4,manual,True,15.571502341617705,2018,8,petrol,suv,premium,122,50
2024,493,5,manual,True,11.31701797252332,2024,8,petrol,suv,mid-range,118,50
2020,50394,5,automatic,True,11.189380509569457,2020,10,petrol,suv,luxury,165,50
2020,50560,5,manual,True,13.650463293265386,2020,7,petrol,luxury,luxury,184,50
2024,1793,4,automatic,True,18.220509770854445,2023,1,diesel,suv,mid-range,116,50
2023,13455,5,manual,True,19.887215886948198,2023,4,diesel,luxury,budget,111,50
2022,22076,5,manual,True,13.086500174074315,2022,4,petrol,hatchback,premium,102,50
2022,25605,7,automatic,True,21.770083700979423,2020,5,hybrid,suv,premium,144,50
2023,16103,5,automatic,True,15.71372349485851,2023,10,petrol,luxury,luxury,199,50
2022,28961,7,automatic,True,20.708007923545168,2020,6,diesel,sedan,premium,142,50
2011,164429,5,automatic,True,10.55607017158869,2009,4,petrol,sedan,premium,93,50
2020,39018,5,automatic,False,17.777332989925522,2018,2,petrol,suv,mid-range,100,50
2015,94671,7,manual,True,21.596694140516682,2014,6,diesel,sedan,budget,85,50
2012,140485,5,manual,False,20.95482278338237,2011,8,diesel,sedan,mid-range,83,50
2024,4190,4,automatic,True,24.89261236383521,2022,8,cng,hatchback,mid-range,103,50
2017,67991,2,manual,True,17.866491589578352,2016,7,diesel,suv,premium,110,50
2011,124371,7,automatic,True,10.219726577497372,2011,6,lpg,suv,mid-range,95,50
2013,163530,5,automatic,True,10.114215853486659,2012,2,petrol,van,premium,117,50
2011,120218,5,manual,True,14.810534594689209,2011,7,petrol,hatchback,mid-range,81,50
2015,123633,4,manual,True,14.501060766939107,2015,5,petrol,luxury,mid-range,106,50
2013,155591,4,automatic,True,11.077725846957806,2012,6,petrol,sedan,budget,75,50
2017,97822,2,manual,True,16.68776245904409,2016,10,diesel,hatchback,mid-range,71,50
2015,136367,5,automatic,True,15.235945889648306,2013,8,diesel,luxury,premium,149,50
2010,120075,5,manual,True,11.207327861708238,2009,8,petrol,hatchback,premium,95,50
2012,112379,5,automatic,True,26.232751547054164,2011,3,cng,hatchback,luxury,115,50
2017,92141,5,manual,True,19.753103812275224,2016,7,hybrid,suv,mid-range,112,50
2020,39794,7,automatic,True,16.341419902357014,2020,1,petrol,sedan,mid-range,100,50
2022,33104,4,manual,False,17.100499667301463,2022,1,petrol,suv,mid-range,88,50
2010,130955,5,manual,True,12.264135727070157,2010,7,petrol,suv,mid-range,90,50
2018,67231,7,manual,False,13.503711711700547,2016,10,petrol,luxury,premium,155,50
2017,60109,5,automatic,True,12.839960328306828,2015,9,petrol,sedan,premium,121,50
2018,82965,5,automatic,True,17.20257185989824,2016,7,diesel,van,premium,146,50
2013,118851,7,manual,True,10.580376103893215,2013,10,petrol,van,mid-range,113,50
2010,133531,7,manual,True,15.385633968126475,2009,5,petrol,sedan,premium,96,50
2012,121362,4,manual,False,8.731695993685252,2010,8,lpg,suv,budget,63,50
2020,45556,7,automatic,True,16.93194863328931,2018,2,diesel,luxury,premium,161,50
2023,14376,5,automatic,True,25.7522667103191,2023,9,cng,van,mid-range,131,50
2020,58497,4,manual,True,16.60154347844552,2018,6,petrol,suv,mid-range,103,50
2015,110063,5,manual,True,12.439034859129656,2014,9,petrol,suv,mid-range,94,50
2020,52988,8,manual,True,18.476598735646988,2020,2,diesel,suv,luxury,158,50
2021,40156,5,manual,True,17.921406349045746,2021,3,petrol,hatchback,budget,82,50
2016,76248,4,manual,True,10.60681245825884,2015,8,petrol,sedan,mid-range,86,50
2023,12398,5,automatic,True,19.32407527005771,2022,1,diesel,hatchback,premium,115,50
2011,118161,4,manual,True,21.82660381156038,2010,10,diesel,sedan,mid-range,85,50
2022,24688,4,automatic,True,19.82708948880586,2020,7,diesel,sedan,budget,109,50
2009,151881,4,manual,True,19.149988259543385,2009,7,diesel,suv,mid-range,82,50
2012,180800,4,manual,True,16.68073947414674,2012,1,diesel,suv,mid-range,84,50
2010,180222,4,automatic,True,15.294325710516167,2009,9,petrol,suv,luxury,144,50
2016,112746,4,automatic,True,13.585824116208713,2016,8,petrol,suv,premium,115,50
2012,127447,5,automatic,True,13.572815208853246,2012,4,petrol,suv,mid-range,90,50
2010,151635,4,manual,True,13.661164928268322,2010,10,petrol,sedan,luxury,114,50
2022,28245,4,manual,True,8.524861931726747,2021,5,lpg,suv,mid-range,101,50
2014,107305,7,automatic,True,14.276031011986607,2012,2,diesel,van,budget,107,50
2014,138037,5,manual,True,5.583857049996645,2013,9,electric,suv,mid-range,115,50
2018,73548,5,manual,True,12.069454190411427,2017,6,petrol,suv,mid-range,97,50
2012,117752,4,manual,True,15.724502618657858,2011,3,petrol,hatchback,budget,48,50
2014,112797,4,manual,True,15.772612208680215,2013,7,petrol,van,luxury,152,50
2021,31164,2,automatic,True,12.259176880846617,2020,9,petrol,sedan,premium,106,50
2023,9883,4,manual,True,16.6824516868676,2023,3,petrol,hatchback,mid-range,83,50
2010,175258,4,manual,True,24.237386356892745,2010,2,hybrid,hatchback,mid-range,78,50
2018,63288,4,manual,True,16.305001030837534,2017,7,diesel,hatchback,premium,98,50
2020,49083,4,manual,True,20.14758320367694,2020,7,diesel,sedan,luxury,130,50
2010,182547,4,manual,True,15.642175526430414,2010,4,diesel,hatchback,premium,70,50
2018,58655,5,manual,True,23.974160905017307,2016,9,cng,sedan,mid-range,103,50
2022,25659,4,manual,True,12.53475954920264,2020,8,petrol,hatchback,premium,107,50
2012,149674,5,automatic,True,15.800744991892337,2011,1,petrol,hatchback,mid-range,69,50
2022,23351,5,manual,True,10.967998140096531,2021,1,petrol,sedan,mid-range,87,50
2023,12124,5,manual,True,20.33159883665711,2023,5,hybrid,luxury,budget,115,50
2024,3267,2,automatic,True,10.36603812853993,2024,6,lpg,sedan,budget,73,50
2023,14822,7,automatic,True,11.349613142429966,2023,3,petrol,luxury,mid-range,143,50
2016,102504,5,manual,True,20.329744367613596,2014,9,cng,suv,mid-range,97,50
2022,23899,4,manual,True,19.03266683924143,2020,10,hybrid,sedan,budget,105,50
2015,88675,7,manual,True,12.52636515606601,2013,6,petrol,sedan,premium,109,50
2020,47824,7,automatic,True,14.750990141342893,2018,4,petrol,van,budget,113,50
2017,65967,4,automatic,True,19.697505549392915,2017,7,diesel,sedan,mid-range,89,50
2022,28634,4,automatic,True,10.531997775387712,2021,8,lpg,sedan,mid-range,107,50
2016,124310,7,manual,True,15.164091883829595,2015,9,petrol,suv,luxury,155,50
2013,121213,5,automatic,True,18.675853350184216,2011,6,hybrid,hatchback,mid-range,91,50
2024,815,4,manual,True,13.170849375739799,2023,6,petrol,suv,budget,92,50
2021,40725,4,manual,True,4.739206135079311,2020,8,electric,sedan,mid-range,100,50
2010,120832,5,manual,True,18.638238740555327,2009,5,diesel,sedan,premium,89,50
2023,18742,5,automatic,False,15.37485495800372,2021,3,diesel,sedan,luxury,141,50
2013,168599,5,manual,True,18.093960405840892,2013,3,hybrid,sedan,mid-range,82,50
2016,76579,5,automatic,False,20.95999254996803,2016,6,hybrid,suv,mid-range,102,50
2018,62956,5,manual,True,24.674145616516007,2017,2,cng,hatchback,luxury,113,50
2017,66689,5,manual,True,10.622713224884112,2017,6,petrol,sedan,budget,80,50
2020,39535,2,manual,True,16.09299845033464,2020,6,diesel,suv,premium,108,50
2020,58282,4,manual,True,12.989077216741794,2018,8,petrol,suv,mid-range,100,50
2020,55907,5,automatic,True,17.970428827891812,2018,7,diesel,van,budget,117,50
2021,39483,7,manual,True,17.34699764086278,2020,8,diesel,van,mid-range,129,50
2017,81727,5,automatic,True,20.228510780374076,2016,9,diesel,luxury,mid-range,128,50
2021,27641,5,automatic,True,19.875237140345977,2020,6,diesel,sedan,premium,126,50
2023,15569,4,automatic,True,8.212103084119242,2021,3,lpg,sedan,luxury,129,50
2021,30431,5,manual,True,15.510140127673212,2021,10,petrol,suv,mid-range,110,50
2009,214083,5,manual,False,18.596596027784138,2009,3,diesel,sedan,premium,81,50
2017,88508,4,manual,True,15.367963689042528,2015,1,petrol,suv,budget,76,50
2015,81515,4,automatic,False,11.281571305643542,2015,5,petrol,luxury,mid-range,117,50
2017,79328,5,automatic,True,10.062271762151738,2017,4,petrol,luxury,budget,111,50
2016,83816,2,manual,True,20.38853322447437,2015,9,cng,luxury,luxury,157,50
2009,163103,4,automatic,True,24.829813740281047,2009,9,cng,suv,premium,117,50
2020,58562,4,manual,True,26.403286899949425,2020,5,cng,hatchback,premium,93,50
2016,67307,4,automatic,True,8.972007656515142,2016,10,lpg,suv,premium,117,50
2016,74948,4,manual,True,16.023852938368933,2016,4,petrol,sedan,premium,92,50
2023,13141,7,automatic,True,10.850945331081949,2022,7,petrol,hatchback,luxury,150,50
2019,62385,5,manual,False,20.5781976917834,2018,6,diesel,sedan,premium,101,50
2011,145266,5,automatic,True,18.501356325474468,2011,4,diesel,suv,luxury,139,50
2009,145678,7,automatic,True,21.71511405325808,2009,10,diesel,suv,mid-range,114,50
2016,116076,5,automatic,True,10.658793151714285,2015,2,petrol,hatchback,budget,78,50
2011,113216,4,manual,True,15.737792793208651,2010,1,diesel,luxury,mid-range,96,50
2011,114182,5,manual,True,19.71305594881722,2011,4,diesel,suv,budget,69,50
2009,198879,5,manual,True,10.021609734673309,2009,4,petrol,luxury,mid-range,91,50
2019,54365,5,manual,True,16.959553056435745,2018,1,diesel,sedan,mid-range,89,50
2013,121253,5,manual,True,16.23172955536155,2012,6,diesel,suv,premium,114,50
2018,63704,4,automatic,True,15.443099807741703,2017,4,diesel,hatchback,budget,85,50
2015,101012,4,manual,True,13.460810607655418,2015,1,petrol,hatchback,budget,53,50
2018,84935,5,manual,True,3.8030669162373405,2018,1,electric,van,mid-range,116,50
2017,99222,5,manual,True,14.026111207206515,2016,1,petrol,sedan,luxury,118,50
2020,58078,5,manual,True,15.101312369188726,2020,8,petrol,hatchback,mid-range,97,50
2015,85823,5,automatic,True,19.313276919817973,2015,10,hybrid,hatchback,mid-range,105,50
2017,72336,8,manual,True,18.42002781009235,2016,8,diesel,van,premium,147,50
2016,78966,5,automatic,True,12.368510725700688,2016,2,petrol,sedan,premium,95,50
2020,54403,4,manual,True,15.72375546199369,2018,7,diesel,luxury,mid-range,117,50
2010,210517,4,automatic,True,15.602806811587246,2010,8,diesel,hatchback,mid-range,82,50
2009,222205,4,automatic,True,18.151535318110735,2009,8,hybrid,sedan,mid-range,92,50
2024,594,4,manual,True,3.4302455670817364,2023,10,electric,suv,luxury,191,50
2015,96752,4,automatic,True,21.924255240670544,2014,7,diesel,suv,budget,92,50
2015,82863,4,manual,True,20.413979334766086,2013,5,diesel,hatchback,mid-range,70,50
2022,31737,4,automatic,True,15.683397731094239,2022,1,petrol,luxury,budget,112,50
2016,76284,4,manual,True,11.354654859255533,2014,9,petrol,hatchback,mid-range,87,50
2013,115611,7,automatic,True,19.986214562035002,2011,7,diesel,hatchback,premium,110,50
2011,136442,4,automatic,True,20.35248500706204,2010,2,diesel,suv,mid-range,90,50
2020,40878,5,automatic,True,21.751382989749942,2020,6,diesel,sedan,budget,103,50
2016,69219,5,automatic,True,16.65592042488278,2015,2,petrol,sedan,mid-range,89,50
2014,106558,8,manual,True,14.574786631123565,2012,1,petrol,suv,budget,87,50
2019,67051,4,manual,True,18.58621351002563,2017,7,diesel,suv,budget,89,50
2011,179469,5,manual,True,14.671118586976387,2010,2,petrol,sedan,premium,86,50
2009,159915,8,manual,True,4.760510786185305,2009,2,electric,suv,premium,120,50
2011,167299,7,automatic,True,11.678203310232865,2010,5,petrol,suv,luxury,139,50
2013,130057,7,manual,True,15.761951019222884,2012,5,diesel,sedan,premium,109,50
2023,18880,4,automatic,True,24.67993398961535,2022,7,cng,suv,premium,122,50
2022,23474,4,automatic,True,10.592869994403106,2020,1,petrol,sedan,budget,88,50
2011,114892,5,automatic,True,20.89767712602591,2010,8,diesel,van,premium,124,50
2009,206084,7,manual,True,13.717798424645371,2009,3,petrol,luxury,premium,111,50
2013,150082,5,automatic,True,19.94184583563272,2011,4,diesel,hatchback,premium,91,50
2018,77218,5,automatic,True,17.314466498673383,2016,9,diesel,sedan,mid-range,111,50
2015,82690,4,manual,True,17.78855598859717,2015,4,diesel,luxury,mid-range,106,50
2023,12456,7,automatic,True,17.290019187830953,2023,10,diesel,luxury,premium,173,50
2022,25110,4,automatic,True,27.976174436493576,2020,5,cng,luxury,premium,138,50
2015,134313,4,manual,True,14.924895615378873,2014,7,petrol,sedan,luxury,121,50
2019,73431,5,manual,True,10.760371669293484,2017,4,petrol,hatchback,budget,79,50
2017,100280,5,manual,True,23.646932001443464,2015,1,cng,luxury,mid-range,92,50
2023,12900,4,manual,True,21.43953728183203,2023,9,diesel,hatchback,mid-range,103,50
2023,12289,4,manual,False,25.9906197088319,2021,4,cng,hatchback,premium,81,50
2018,62131,5,manual,True,16.748252891986354,2017,9,diesel,suv,budget,101,50
2018,76493,4,manual,True,21.640136824026666,2018,6,hybrid,suv,budget,97,50
2020,42390,5,manual,True,21.70787422924938,2018,1,diesel,sedan,luxury,132,50
2021,27666,4,automatic,True,3.493223221285699,2019,3,electric,hatchback,budget,101,50
2011,196531,5,manual,True,25.33770633393526,2010,2,cng,sedan,premium,83,50
2023,13244,5,automatic,True,21.2821741700316,2021,9,diesel,suv,mid-range,140,50
2024,3937,4,manual,False,17.604275796225334,2022,1,petrol,sedan,premium,98,50
2015,91785,4,manual,True,17.843314881862455,2013,9,petrol,suv,mid-range,104,50
2009,189562,4,manual,True,14.363653563139936,2009,9,petrol,sedan,luxury,108,50
2012,137018,4,manual,True,17.60055324218725,2011,8,petrol,hatchback,luxury,107,50
2021,37524,8,manual,True,11.435561900646825,2019,8,petrol,luxury,budget,124,50
2024,1750,4,automatic,True,19.044169137985385,2022,1,diesel,sedan,budget,87,50
2012,175820,7,manual,True,18.638574184800596,2010,8,diesel,sedan,mid-range,85,50
2022,29417,4,automatic,True,16.960714240559767,2022,10,diesel,sedan,premium,135,50
2013,128054,5,automatic,True,14.146707112085199,2012,3,diesel,luxury,premium,132,50
2015,131467,7,manual,True,10.2033654814362,2015,7,petrol,suv,mid-range,104,50
2015,96779,5,manual,True,10.315276282323119,2015,1,petrol,suv,premium,110,50
2021,46253,5,automatic,True,14.700099835414232,2020,1,petrol,sedan,budget,89,50
2023,13413,5,manual,True,15.020985489902026,2023,10,diesel,hatchback,premium,130,50
2019,73927,4,manual,True,10.493135067494588,2019,5,petrol,luxury,luxury,171,50
2021,47740,7,automatic,True,17.668364854592696,2021,5,petrol,luxury,mid-range,142,50
2012,141637,7,manual,True,20.03385058679639,2011,8,diesel,hatchback,mid-range,91,50
2021,29410,8,automatic,False,22.75984984055533,2019,7,hybrid,sedan,budget,114,50
2024,1359,4,automatic,True,11.13546568607519,2023,8,petrol,sedan,mid-range,114,50
2015,105248,5,manual,True,17.772321012705323,2014,6,diesel,sedan,mid-range,87,50
2019,60943,7,manual,True,15.198705073503746,2018,6,diesel,sedan,budget,100,50
2011,154782,4,manual,True,18.600257356377732,2011,2,hybrid,sedan,mid-range,70,50
2014,123308,4,manual,True,27.931453532464705,2012,6,cng,sedan,mid-range,71,50
2020,47651,5,manual,True,12.437782448423828,2019,5,petrol,suv,mid-range,102,50
2010,146578,5,automatic,True,16.58014241598679,2009,3,petrol,van,mid-range,98,50
2018,85285,7,manual,True,25.70575204061684,2016,6,cng,hatchback,budget,79,50
2021,47066,4,manual,True,16.111686833054968,2019,8,diesel,luxury,premium,153,50
2022,27514,7,automatic,True,21.582695198775998,2020,9,diesel,hatchback,premium,133,50
2017,84322,4,automatic,True,16.93706268248212,2017,1,diesel,sedan,mid-range,89,50
2013,138551,4,automatic,True,21.261455561753227,2011,3,diesel,hatchback,budget,67,50
2014,131003,4,manual,True,21.312245851675115,2014,3,cng,sedan,premium,87,50
2020,39336,7,automatic,True,11.18184768488587,2019,8,lpg,hatchback,luxury,140,50
2020,52949,5,manual,True,4.94578644676419,2020,1,electric,suv,mid-range,105,50
2020,38139,5,manual,False,11.749922584832746,2018,5,petrol,van,mid-range,96,50
2020,47486,5,manual,False,27.644141651337925,2020,3,cng,sedan,budget,69,50
2012,113683,7,automatic,True,11.943747667636565,2010,2,petrol,sedan,mid-range,93,50
2022,20301,5,manual,False,15.138471646328146,2022,8,petrol,van,budget,101,50
2022,27143,7,manual,True,25.34221781156609,2021,3,cng,sedan,mid-range,96,50
2019,59151,5,manual,False,12.2086887079141,2019,7,petrol,hatchback,premium,94,50
2024,1691,5,manual,True,11.739581072061602,2023,1,petrol,hatchback,mid-range,86,50
2018,87524,5,automatic,True,12.03342171444526,2016,6,petrol,luxury,mid-range,124,50
2015,128518,4,automatic,True,20.47470584645112,2014,3,cng,van,mid-range,94,50
2020,48927,5,automatic,True,16.437086658348612,2018,8,diesel,van,mid-range,129,50
2017,94441,5,manual,True,18.345760754937288,2015,6,diesel,sedan,budget,92,50
2015,137262,4,manual,True,13.925179994725815,2014,2,petrol,luxury,budget,81,50
2022,20593,7,manual,True,21.226445410437616,2021,6,hybrid,hatchback,premium,128,50
2009,225475,5,manual,True,23.20540075020523,2009,7,hybrid,hatchback,budget,70,50
2009,209767,5,manual,True,17.728798981851856,2009,5,petrol,sedan,premium,83,50
2017,59761,7,automatic,True,14.163816666897583,2016,3,diesel,hatchback,luxury,140,50
2019,71362,5,manual,True,16.657903532489826,2018,4,petrol,van,mid-range,101,50
2022,31458,4,manual,True,8.198498510974101,2021,4,lpg,van,mid-range,99,50
2017,66579,7,manual,True,18.175000882988616,2016,6,diesel,suv,mid-range,119,50
2012,156470,5,manual,True,25.260546446276898,2010,10,cng,sedan,premium,94,50
2021,28632,4,manual,True,12.276882116481417,2020,1,petrol,suv,luxury,141,50
2017,86373,4,automatic,False,24.900647747058976,2016,4,hybrid,luxury,premium,129,50
2011,133269,7,automatic,True,22.670332412497928,2010,10,hybrid,hatchback,budget,99,50
2015,117409,5,automatic,True,19.09553608488504,2014,4,diesel,suv,premium,121,50
2014,123454,5,manual,True,11.420354655624145,2012,10,lpg,sedan,mid-range,86,50
2016,96724,7,manual,True,12.906985667984781,2016,1,petrol,suv,mid-range,95,50
2019,61834,7,manual,True,13.71609800403262,2019,9,petrol,suv,budget,107,50
2017,90973,4,manual,True,15.874440794697424,2017,4,diesel,van,budget,84,50
2022,18633,4,automatic,True,5.500868234611409,2022,7,electric,hatchback,premium,130,50
2013,151568,4,manual,True,18.631497409642854,2013,3,diesel,suv,mid-range,75,50
2009,137547,5,manual,True,17.83143717613592,2009,10,petrol,suv,mid-range,91,50
2011,131893,2,manual,True,19.177342176407883,2011,3,diesel,sedan,mid-range,55,50
2018,68082,5,manual,False,11.379123746685725,2016,8,petrol,van,premium,129,50
2020,44556,7,automatic,True,19.495088627054052,2018,8,diesel,suv,premium,146,50
2016,119669,7,manual,True,20.211226576176827,2016,1,diesel,suv,mid-range,106,50
2023,14041,4,manual,True,6.309536774429432,2023,10,electric,suv,budget,116,50
2019,40462,7,manual,True,12.859864827935063,2019,2,petrol,hatchback,mid-range,80,50
2014,147424,4,manual,True,16.49071394343533,2013,8,diesel,hatchback,luxury,113,50
2024,4188,7,automatic,True,15.83540875186172,2022,1,petrol,hatchback,mid-range,111,50
2024,1685,4,automatic,True,17.711549874151547,2024,8,petrol,sedan,mid-range,115,50
2016,69186,5,automatic,True,19.713876855666644,2015,8,hybrid,suv,mid-range,114,50
2017,104112,7,automatic,True,27.0649552533982,2015,2,cng,sedan,mid-range,103,50
2012,120505,4,manual,True,11.245401702113902,2011,4,petrol,hatchback,premium,77,50
2009,224444,4,automatic,True,23.015875478452998,2009,6,hybrid,sedan,mid-range,91,50
2022,29123,5,manual,True,24.6163348959202,2022,9,cng,hatchback,budget,79,50
2009,184516,5,manual,True,22.18550598773881,2009,8,hybrid,luxury,budget,94,50
2018,58922,5,automatic,True,11.819039633554766,2017,8,petrol,luxury,mid-range,131,50
2012,178009,5,manual,True,10.632649906105334,2010,7,lpg,suv,luxury,131,50
2020,62734,5,automatic,True,11.805557395123442,2020,9,petrol,suv,mid-range,105,50
2022,18938,4,manual,False,10.167456235936587,2020,2,petrol,sedan,premium,94,50
2015,100220,4,automatic,True,14.832924999847595,2014,3,petrol,hatchback,premium,82,50
2010,187482,4,automatic,True,18.542215651455024,2009,10,diesel,luxury,mid-range,112,50
2011,186257,7,automatic,True,15.365624593167151,2009,8,petrol,sedan,budget,83,50
2009,160613,5,automatic,False,14.820207121002028,2009,6,petrol,suv,budget,81,50
2013,106525,5,automatic,True,10.570583915302514,2012,10,petrol,luxury,premium,153,50
2009,185252,5,manual,False,19.482595020070836,2009,9,hybrid,luxury,budget,95,50
2016,98450,7,manual,False,22.83215710425609,2016,10,cng,sedan,mid-range,93,50
2009,137566,4,manual,True,10.553841005965054,2009,4,petrol,hatchback,mid-range,58,50
2019,56459,5,automatic,False,26.567277072564927,2018,8,cng,sedan,premium,117,50
2009,200146,5,manual,True,26.260096065646636,2009,10,cng,sedan,budget,55,50
2010,202435,5,automatic,True,23.957775780932884,2010,3,hybrid,van,mid-range,98,50
2010,189594,2,manual,True,11.683092435952993,2010,3,petrol,luxury,mid-range,83,50
2020,39885,7,manual,True,21.852632238116755,2019,8,diesel,luxury,mid-range,144,50
2014,129245,7,automatic,True,24.353457233850406,2013,5,cng,sedan,premium,113,50
2015,103173,5,manual,True,21.185153365321256,2013,3,diesel,luxury,budget,88,50
2013,121227,5,manual,False,12.322356125591316,2013,10,petrol,suv,premium,116,50
2024,1389,7,manual,True,21.621323424786933,2022,1,diesel,suv,premium,142,50
2009,225514,5,automatic,True,17.089091188228572,2009,3,diesel,suv,mid-range,95,50
2009,222955,4,automatic,False,20.295424847173294,2009,9,diesel,sedan,premium,86,50
2011,123668,5,manual,False,16.292349247280377,2011,5,petrol,luxury,mid-range,95,50
2022,20690,5,manual,False,11.27512212599137,2020,10,petrol,hatchback,budget,90,50
2010,202051,5,manual,True,20.991830990593208,2010,2,hybrid,sedan,premium,88,50
2013,111087,5,automatic,False,21.234894159167204,2012,7,cng,sedan,mid-range,83,50
2020,35353,7,automatic,True,10.352737731180257,2020,2,petrol,sedan,premium,118,50
2018,53549,7,manual,True,9.73769303745282,2017,4,lpg,sedan,mid-range,87,50
2024,2910,5,manual,True,13.151900061704442,2024,7,petrol,hatchback,luxury,143,50
2014,118136,4,manual,True,18.959183614082782,2012,4,diesel,luxury,mid-range,104,50
2024,442,8,automatic,True,24.73384358313888,2023,7,hybrid,sedan,budget,123,50
2015,89329,7,automatic,True,23.060307052134448,2013,7,hybrid,sedan,mid-range,109,50
2012,114503,4,manual,True,22.00789188418545,2011,1,cng,hatchback,premium,62,50
2015,123231,7,manual,True,13.331137361135362,2015,6,petrol,luxury,premium,137,50
2019,58072,7,manual,True,25.907871777488847,2019,9,cng,suv,mid-range,114,50
2016,71206,5,automatic,True,13.607258705511633,2015,2,petrol,suv,premium,118,50
2019,51317,5,manual,True,5.7145977487314665,2018,3,electric,hatchback,mid-range,98,50
2009,184544,5,automatic,True,3.260799066824602,2009,10,electric,sedan,mid-range,101,50
2023,17664,4,automatic,True,14.661880664497929,2023,5,diesel,sedan,premium,128,50
2014,109911,4,manual,True,16.61522835221575,2013,9,petrol,hatchback,premium,98,50
2016,87536,7,manual,False,26.44865732315942,2015,4,cng,hatchback,premium,89,50
2013,133563,2,manual,True,10.784043318967534,2011,1,petrol,hatchback,premium,58,50
2012,113430,4,automatic,True,15.631536659375698,2011,4,petrol,hatchback,budget,66,50
2010,193092,5,automatic,True,4.229730130191349,2010,6,electric,hatchback,premium,118,50
2014,147057,5,automatic,True,20.591843113256523,2012,5,diesel,sedan,mid-range,90,50
2014,90675,7,manual,True,22.511942082422756,2012,1,hybrid,suv,budget,87,50
2019,44931,4,manual,True,12.703564568362326,2019,4,petrol,sedan,mid-range,83,50
2023,9729,4,automatic,True,12.47984109148376,2021,6,petrol,sedan,mid-range,108,50
2024,1116,5,automatic,True,23.098469862335932,2023,10,hybrid,hatchback,mid-range,115,50
2024,1908,5,manual,True,19.416810210858916,2024,10,diesel,luxury,mid-range,147,50
2009,134797,4,automatic,True,17.46034500868784,2009,4,petrol,van,budget,81,50
2017,63621,5,automatic,True,4.151914431730002,2017,9,electric,hatchback,mid-range,112,50
2020,38287,4,manual,True,15.591338876122133,2020,5,diesel,sedan,mid-range,106,50
2019,56128,4,automatic,True,14.63790845943569,2019,8,diesel,sedan,mid-range,112,50
2014,143457,5,automatic,True,20.696177045186644,2014,9,diesel,luxury,mid-range,134,50
2024,3654,5,automatic,False,21.34667913172755,2024,10,hybrid,hatchback,premium,139,50
2021,35112,7,manual,False,21.536585344611716,2019,5,hybrid,hatchback,premium,123,50
2011,182360,5,manual,True,6.660129693884337,2010,6,electric,luxury,premium,138,50
2012,108744,5,automatic,True,11.987748195333936,2011,1,petrol,hatchback,mid-range,72,50
2020,37779,5,manual,True,23.95845169811321,2018,7,hybrid,luxury,premium,149,50
2019,59804,2,manual,True,14.63121463592961,2017,4,diesel,sedan,budget,65,50
2012,129465,5,manual,True,14.730830922931492,2012,2,diesel,hatchback,budget,59,50
2011,180867,4,manual,False,15.14025468271493,2011,5,petrol,luxury,mid-range,89,50
2018,92548,8,automatic,False,22.23412222432792,2016,3,cng,sedan,premium,122,50
2011,172102,4,automatic,True,6.471128177571054,2011,6,electric,hatchback,mid-range,80,50
2023,17105,5,manual,True,12.201022059008736,2022,8,petrol,suv,budget,109,50
2011,165431,4,manual,True,17.419266303234522,2010,7,diesel,van,budget,75,50
2012,104467,8,manual,True,22.943880617494294,2012,3,cng,sedan,premium,96,50
2024,3850,5,automatic,True,14.057151061123081,2024,8,petrol,hatchback,premium,121,50
2015,125206,5,automatic,True,9.385731395883663,2015,2,lpg,sedan,mid-range,90,50
2012,151157,4,manual,True,15.078382627355817,2011,10,diesel,hatchback,mid-range,79,50
2017,86724,5,automatic,True,21.309356779541755,2017,9,diesel,sedan,mid-range,112,50
2009,158530,4,automatic,True,16.290343140770222,2009,4,petrol,sedan,premium,91,50
2016,85308,7,automatic,False,17.053780188130084,2016,1,petrol,suv,mid-range,95,50
2024,4297,4,automatic,True,20.62105508199836,2022,8,cng,van,premium,140,50
2015,80021,4,manual,True,16.709577922360403,2015,7,petrol,sedan,mid-range,87,50
2010,155985,2,automatic,True,22.76649975650452,2010,5,hybrid,sedan,premium,88,50
2016,110509,5,manual,True,14.657445889157119,2015,10,petrol,luxury,budget,108,50
2009,210680,5,automatic,True,11.990530522705777,2009,5,petrol,suv,mid-range,88,50
2019,74551,4,automatic,True,15.289867066094926,2017,7,petrol,van,mid-range,120,50
2020,37504,7,automatic,True,17.762271490105896,2018,5,diesel,sedan,mid-range,126,50
2017,65285,5,automatic,True,8.076995855395577,2016,8,lpg,hatchback,budget,73,50
2017,88854,5,manual,False,15.679240366236865,2015,6,petrol,sedan,premium,91,50
2010,138716,5,manual,True,10.085535920908011,2009,5,petrol,sedan,mid-range,70,50
2015,107760,5,automatic,True,13.513684087454997,2015,9,petrol,hatchback,premium,116,50
2023,16635,5,automatic,True,18.55320784523657,2023,2,diesel,hatchback,premium,118,50
2022,32088,4,manual,True,21.4248487158247,2020,1,diesel,luxury,mid-range,107,50
2018,63044,4,manual,True,25.707695586931997,2018,8,cng,suv,premium,115,50
2011,136124,7,manual,True,18.24210580510679,2011,3,diesel,suv,premium,108,50
2015,98267,7,automatic,True,16.828729167658548,2013,7,diesel,suv,mid-range,125,50
2020,35964,5,automatic,True,16.746096342574113,2020,10,petrol,van,premium,149,50
2024,723,4,manual,False,11.300859783007372,2022,8,lpg,sedan,mid-range,86,50
2018,90103,5,manual,True,13.916700769944379,2016,6,petrol,sedan,mid-range,90,50
2024,1135,5,automatic,True,12.491003537306568,2024,10,petrol,suv,premium,154,50
2017,75549,2,automatic,True,20.377240846526654,2017,9,diesel,hatchback,mid-range,80,50
2012,154630,4,manual,True,17.542801579801687,2012,7,diesel,sedan,mid-range,82,50
2020,40803,5,manual,True,16.547755404818442,2020,10,diesel,van,mid-range,116,50
2009,155879,5,manual,True,19.78583566884428,2009,5,diesel,sedan,premium,90,50
2010,198122,2,manual,True,24.28070327634149,2009,8,hybrid,luxury,luxury,160,50
2009,201068,4,manual,True,16.9743821681973,2009,2,petrol,sedan,mid-range,69,50
2024,545,4,automatic,True,24.23578727501988,2023,7,hybrid,hatchback,premium,127,50
2022,32588,5,automatic,True,20.412845412904346,2020,4,diesel,van,luxury,183,50
2020,62088,2,automatic,True,20.33372934067417,2020,9,diesel,sedan,budget,86,50
2013,103378,4,automatic,True,21.82139531302966,2013,1,diesel,van,mid-range,93,50
2013,96344,7,manual,True,11.247045580238446,2013,7,petrol,suv,premium,123,50
2024,738,4,manual,False,24.835430238309744,2022,6,hybrid,van,premium,138,50
2019,53957,5,manual,True,20.293335590999703,2018,8,diesel,hatchback,premium,108,50
2015,77746,4,manual,True,11.651561859329604,2014,5,petrol,suv,mid-range,85,50
2017,95797,4,automatic,True,20.159467487589488,2017,1,diesel,sedan,budget,85,50
2017,106736,4,automatic,True,8.570887415874152,2017,1,lpg,suv,mid-range,87,50
2011,159873,5,manual,True,20.85988202988976,2011,9,diesel,sedan,mid-range,82,50
2011,158005,7,manual,True,20.02862035680025,2011,10,cng,sedan,mid-range,85,50
2024,4244,7,automatic,True,15.498978935489067,2022,6,petrol,sedan,premium,140,50
2024,4678,5,manual,True,12.8194875322126,2024,10,petrol,suv,budget,119,50
2011,130315,5,manual,True,15.704134685870232,2009,5,petrol,luxury,premium,119,50
2012,165744,4,automatic,True,14.001481562363542,2012,1,diesel,sedan,mid-range,89,50
2016,91751,4,automatic,True,11.261628970075936,2015,6,petrol,sedan,mid-range,91,50
2014,136421,7,manual,True,12.018152716806767,2013,6,petrol,hatchback,budget,77,50
2016,99415,2,manual,True,20.372332169752546,2016,3,cng,sedan,mid-range,55,50
2009,160249,4,automatic,True,22.901502611917337,2009,8,hybrid,sedan,budget,80,50
2016,98356,4,manual,True,4.480591673401667,2014,1,electric,sedan,luxury,122,50
2012,110754,2,manual,True,11.253179026909068,2012,1,petrol,van,premium,83,50
2019,43009,4,automatic,True,17.623282508508076,2019,6,petrol,luxury,mid-range,114,50
2009,202055,5,manual,True,13.243231686807393,2009,10,petrol,suv,mid-range,99,50
2016,91296,5,automatic,True,3.2846210235303244,2015,1,electric,hatchback,luxury,137,50
2012,126341,7,manual,True,20.03475254227272,2010,6,cng,suv,mid-range,94,50
2014,97265,7,automatic,False,16.899451289502167,2013,1,diesel,hatchback,budget,77,50
2016,101044,4,manual,True,12.697759279281808,2014,6,petrol,hatchback,mid-range,76,50
2012,131410,4,manual,True,19.900824768275378,2011,3,diesel,hatchback,luxury,99,50
2022,25772,5,manual,True,10.113617249366119,2022,8,petrol,sedan,budget,86,50
2011,153553,5,manual,True,11.2273406352871,2010,6,petrol,sedan,mid-range,80,50
2024,484,4,automatic,True,18.79775208888222,2023,1,diesel,suv,luxury,159,50
2022,28296,5,automatic,True,6.576429271218934,2020,5,electric,luxury,budget,133,50
2017,78904,5,manual,False,13.369086849939997,2015,8,petrol,hatchback,budget,65,50
2011,121606,5,manual,True,10.548022340575152,2010,3,petrol,luxury,mid-range,93,50
2017,86454,5,automatic,True,9.238167967448351,2015,6,lpg,van,premium,122,50
2021,27389,4,automatic,True,14.085914636049736,2019,5,petrol,sedan,mid-range,101,50
2010,156943,7,manual,True,13.640123507715582,2010,6,petrol,hatchback,luxury,120,50
2024,3007,7,manual,True,16.137345122754816,2022,10,petrol,hatchback,premium,136,50
2022,23703,4,manual,True,15.278421611202532,2020,1,petrol,van,budget,82,50
2010,148633,7,automatic,True,13.56757844256459,2009,7,petrol,van,luxury,157,50
2010,167142,5,manual,True,21.516112023632193,2010,9,hybrid,hatchback,mid-range,83,50
2014,107940,7,automatic,True,11.79728560084057,2014,2,petrol,sedan,mid-range,91,50
2011,194649,7,manual,True,15.420576021052941,2010,10,diesel,luxury,mid-range,126,50
2024,1151,5,automatic,True,16.429864712708362,2023,5,diesel,sedan,mid-range,108,50
2021,49087,2,manual,False,16.694340888656853,2020,10,diesel,luxury,budget,90,50
2017,75541,4,manual,True,25.162556666700933,2015,4,cng,van,budget,74,50
2012,136227,5,manual,False,23.339097021604374,2012,6,cng,suv,mid-range,82,50
2009,172815,5,automatic,True,15.81490852814245,2009,6,petrol,hatchback,premium,85,50
2012,99646,4,manual,True,19.164181901463575,2011,2,hybrid,suv,mid-range,89,50
2009,224266,4,manual,True,18.54262488937853,2009,2,diesel,suv,luxury,124,50
2022,27978,7,manual,True,10.276427921451216,2021,4,lpg,suv,mid-range,117,50
2013,120295,8,manual,True,20.652786371528613,2012,1,diesel,luxury,mid-range,111,50
2024,2963,5,automatic,True,8.983970400285017,2022,9,lpg,van,budget,107,50
2012,139460,4,automatic,True,22.93766391753192,2012,7,hybrid,van,budget,100,50
2016,116591,4,automatic,True,15.662896827633634,2016,7,petrol,sedan,mid-range,94,50
2024,3955,2,manual,True,21.45993423822144,2023,3,diesel,luxury,premium,135,50
2016,115017,7,automatic,True,9.988561855008806,2016,3,lpg,hatchback,luxury,121,50
2015,114717,4,manual,False,22.380374090746642,2014,1,cng,sedan,luxury,103,50
2011,146869,5,manual,True,11.226369284123098,2010,3,petrol,sedan,mid-range,67,50
2009,182372,4,manual,True,6.552759811856749,2009,3,electric,sedan,premium,92,50
2024,713,5,manual,True,17.31801465140322,2023,4,petrol,van,mid-range,111,50
2009,138353,5,automatic,True,10.515240928120345,2009,4,petrol,hatchback,budget,66,50
2024,687,7,automatic,True,20.00073930282911,2023,3,diesel,hatchback,premium,124,50
2020,40077,4,automatic,True,10.440301671141729,2020,10,petrol,sedan,premium,124,50
2019,70526,2,manual,True,20.041044017319514,2018,8,hybrid,hatchback,budget,80,50
2011,120105,4,manual,True,11.498803341299416,2011,8,petrol,sedan,mid-range,76,50
2014,133662,7,manual,True,19.98063297626132,2013,1,hybrid,suv,mid-range,110,50
2015,123472,7,manual,True,17.27568638439017,2014,7,petrol,hatchback,premium,106,50
2014,125686,5,manual,False,14.159984992295374,2013,2,petrol,sedan,mid-range,74,50
2022,33142,5,manual,True,16.3035273653832,2022,1,petrol,luxury,luxury,173,50
2022,31574,5,manual,True,11.822745504612005,2020,3,petrol,sedan,budget,86,50
2014,108333,4,manual,True,13.921775797229927,2013,4,petrol,hatchback,mid-range,60,50
2014,85045,7,automatic,True,12.866315708991058,2013,6,petrol,suv,mid-range,112,50
2021,42586,5,automatic,False,20.74360312141448,2021,10,diesel,hatchback,mid-range,103,50
2011,198617,5,automatic,True,16.62262885652954,2010,5,petrol,sedan,mid-range,85,50
2014,89081,5,automatic,True,17.76076766761213,2013,4,diesel,sedan,premium,110,50
2016,119835,2,manual,True,10.180835514873813,2015,8,petrol,van,premium,114,50
2019,50834,4,automatic,True,27.301608082856884,2018,4,cng,sedan,luxury,130,50
2019,59135,5,automatic,True,21.542422357412853,2017,10,cng,luxury,premium,151,50
2010,131859,4,manual,True,17.1182025569783,2010,2,diesel,van,premium,97,50
2013,92921,5,manual,True,11.950741839728842,2012,3,petrol,sedan,mid-range,62,50
2022,24269,4,automatic,True,11.220593794419031,2021,6,petrol,sedan,premium,118,50
2009,158331,5,manual,False,11.23737131495481,2009,8,lpg,hatchback,mid-range,67,50
2020,57612,4,manual,True,16.873512309772554,2018,8,petrol,van,mid-range,109,50
2023,11505,5,manual,True,13.740350797550125,2021,9,petrol,van,mid-range,121,50
2024,2727,5,manual,True,13.23376035114573,2024,7,petrol,suv,mid-range,115,50
2009,184630,4,manual,True,13.595862096808638,2009,2,petrol,luxury,mid-range,82,50
2013,127393,5,manual,False,17.775396405618682,2012,8,petrol,sedan,luxury,120,50
2020,34892,5,manual,True,19.668014435136477,2019,7,hybrid,van,mid-range,119,50
2021,44068,5,manual,True,16.802139154687392,2019,8,petrol,van,budget,98,50
2024,3883,7,automatic,True,17.141668257153736,2023,3,diesel,sedan,mid-range,121,50
2011,119858,5,manual,True,15.65095017480246,2010,7,petrol,sedan,budget,68,50
2012,157666,4,manual,True,12.323831673786037,2010,10,petrol,sedan,budget,80,50
2011,116790,2,manual,True,23.114944083051206,2009,9,cng,sedan,mid-range,58,50
2024,342,4,automatic,True,11.321383996147581,2022,3,petrol,luxury,mid-range,125,50
2009,195914,5,manual,True,24.125854401460153,2009,10,hybrid,suv,mid-range,99,50
2024,3450,4,manual,True,18.928308226719658,2024,6,diesel,sedan,premium,115,50
2009,213170,5,automatic,True,17.371469032195627,2009,2,petrol,suv,premium,105,50
2020,54097,5,automatic,False,9.882151739161099,2018,2,lpg,van,mid-range,112,50
2020,49881,4,manual,True,13.384604182371863,2019,5,petrol,hatchback,mid-range,80,50
2022,28075,7,automatic,True,27.522494407422013,2021,5,cng,suv,mid-range,124,50
2021,42944,4,manual,True,12.230046395749033,2020,7,petrol,sedan,premium,98,50
2022,23137,4,manual,True,23.41685250269634,2022,2,cng,van,budget,80,50
2013,110272,5,manual,True,13.767366611341084,2011,7,petrol,luxury,budget,100,50
2014,118360,5,manual,False,14.993893644446473,2012,5,diesel,sedan,premium,95,50
2011,193040,5,automatic,True,24.075751126775106,2011,6,hybrid,sedan,mid-range,99,50
2020,49494,5,manual,True,24.43754948517646,2018,8,cng,sedan,budget,80,50
2017,76796,4,manual,True,20.6426949325559,2016,10,cng,sedan,mid-range,87,50
2013,133328,7,automatic,True,22.416793114090407,2013,4,hybrid,hatchback,luxury,145,50
2016,120278,7,automatic,True,26.3213310951477,2014,7,cng,van,premium,132,50
2021,48494,5,manual,True,17.342779382562817,2021,6,petrol,suv,premium,135,50
2009,155732,4,automatic,True,13.096538507130346,2009,10,petrol,luxury,mid-range,102,50
2022,24814,5,manual,True,14.501127977984796,2020,2,petrol,suv,mid-range,98,50
2013,99693,5,automatic,True,16.423730408868536,2012,8,petrol,hatchback,luxury,121,50
2023,11883,4,automatic,True,13.41706024838713,2021,10,petrol,hatchback,luxury,143,50
2011,184282,7,automatic,True,18.63595346232209,2009,9,diesel,sedan,mid-range,103,50
2020,61389,4,manual,True,11.868334415410946,2019,5,petrol,suv,premium,110,50
2009,173080,8,manual,True,19.321062881469803,2009,10,diesel,hatchback,budget,80,50
2012,144049,5,manual,True,17.956205987064266,2010,4,petrol,sedan,mid-range,77,50
2023,17225,4,manual,True,17.652566859617277,2021,6,petrol,suv,premium,122,50
2021,32896,5,manual,True,17.511269921649912,2021,8,diesel,suv,mid-range,113,50
2013,137352,7,automatic,True,21.310866869595152,2013,3,hybrid,van,luxury,172,50
2024,4759,5,manual,True,6.4189845281229,2024,10,electric,suv,budget,116,50
2015,89373,7,manual,True,21.625337414169337,2013,1,diesel,luxury,mid-range,116,50
2009,212679,5,automatic,True,16.74783335300411,2009,4,petrol,suv,luxury,136,50
2024,1382,5,manual,False,18.8657061790366,2024,4,diesel,luxury,luxury,183,50
2011,148735,7,automatic,True,15.506991035087381,2010,1,petrol,hatchback,budget,75,50
2024,2621,4,manual,True,12.358925024557575,2022,9,petrol,luxury,mid-range,136,50
2010,191726,5,manual,True,15.759995777893002,2010,3,diesel,suv,premium,103,50
2017,83158,4,manual,True,17.307303505312255,2015,5,petrol,hatchback,budget,66,50
2018,67436,8,manual,True,12.20445336096983,2017,6,petrol,hatchback,luxury,130,50
2023,17190,7,automatic,True,11.795909376478384,2023,8,lpg,suv,luxury,165,50
2014,129453,2,manual,True,11.390002481505366,2014,6,lpg,sedan,budget,53,50
2018,78829,5,manual,True,16.40647595741466,2018,3,petrol,sedan,budget,68,50
2011,144758,7,manual,True,17.34606534353045,2011,6,petrol,sedan,budget,63,50
2016,115721,4,manual,True,14.824030723439293,2015,1,petrol,luxury,luxury,154,50
2022,30128,5,automatic,True,16.42444974312943,2022,4,petrol,sedan,budget,95,50
2016,90767,7,manual,True,23.382070216705905,2014,6,cng,sedan,mid-range,95,50
2010,129071,2,automatic,True,16.333560793613973,2010,7,petrol,hatchback,mid-range,71,50
2024,246,5,automatic,True,22.704801220691593,2023,10,hybrid,suv,mid-range,144,50
2023,15098,4,manual,True,11.545262008967839,2023,3,petrol,suv,budget,92,50
2014,116706,7,automatic,True,9.332156941453576,2013,9,lpg,sedan,mid-range,96,50
2015,95489,8,manual,True,15.343395788768678,2014,7,petrol,van,luxury,167,50
2010,139195,7,manual,True,22.250606152088736,2010,1,hybrid,luxury,luxury,172,50
2023,15085,5,manual,True,10.747743495235548,2023,2,petrol,luxury,premium,140,50
2019,58101,7,automatic,False,17.83373005946813,2019,1,diesel,suv,budget,99,50
2018,54826,7,automatic,True,14.06280114509985,2018,9,petrol,luxury,mid-range,141,50
2010,198735,4,manual,True,11.29788438512462,2010,9,petrol,sedan,premium,91,50
2018,66620,7,automatic,True,26.404120996787867,2016,7,cng,sedan,mid-range,107,50
2009,197201,2,manual,True,22.030381140447936,2009,10,cng,sedan,luxury,96,50
2016,81490,5,manual,True,23.379830004491282,2015,3,cng,hatchback,premium,75,50
2009,141327,4,manual,True,19.403235497082353,2009,5,diesel,suv,budget,67,50
2017,73895,4,automatic,True,20.910139738263712,2015,4,hybrid,suv,luxury,157,50
2019,72647,4,automatic,True,13.330795990371453,2017,7,petrol,sedan,luxury,139,50
2014,119387,5,manual,True,16.6638565975875,2012,9,petrol,suv,budget,91,50
2024,2962,4,manual,True,17.897342717041635,2023,2,petrol,hatchback,mid-range,90,50
2015,125843,5,manual,False,16.58903299664383,2013,8,diesel,suv,mid-range,97,50
2021,26634,4,manual,True,12.543678653276942,2020,9,petrol,hatchback,mid-range,92,50
2018,74652,4,manual,True,14.255645590265413,2017,10,petrol,sedan,budget,86,50
2015,136921,5,automatic,True,14.637132850312184,2015,10,diesel,luxury,mid-range,134,50
2018,78655,7,manual,False,20.657416072399442,2018,9,hybrid,hatchback,luxury,140,50
2011,153944,4,manual,True,14.090384194963908,2011,10,petrol,sedan,mid-range,82,50
2010,168514,5,manual,True,17.63521207864853,2009,7,petrol,sedan,budget,65,50
2017,104655,7,automatic,True,13.828669859462188,2017,9,petrol,hatchback,premium,122,50
2016,80359,5,automatic,True,15.592849643197582,2016,9,petrol,luxury,mid-range,129,50
2021,47719,4,manual,True,17.37431386486821,2021,3,petrol,suv,premium,111,50
2020,40272,2,automatic,True,18.66748507768708,2018,4,diesel,sedan,mid-range,90,50
2018,70441,7,manual,True,21.58296134895744,2017,2,diesel,luxury,budget,108,50
2015,134447,2,manual,True,17.88057588450539,2015,10,diesel,hatchback,budget,72,50
2017,85691,7,manual,True,12.987028476294721,2015,3,petrol,suv,premium,124,50
2012,178263,5,manual,True,20.679560157017452,2010,5,hybrid,suv,mid-range,97,50
2021,36622,7,manual,True,17.216977905963102,2019,5,petrol,sedan,premium,106,50
2012,122909,7,automatic,True,21.248872645176302,2012,6,diesel,hatchback,mid-range,99,50
2009,145647,8,automatic,True,22.12393382209227,2009,7,hybrid,suv,mid-range,121,50
2016,76162,5,automatic,False,17.33964977512811,2015,7,petrol,van,mid-range,111,50
2024,4403,7,manual,True,17.445300031737045,2022,1,petrol,suv,luxury,155,50
2022,26740,5,manual,True,26.29239149092008,2020,2,cng,suv,luxury,132,50
2024,2845,5,automatic,True,12.163569483771411,2022,9,petrol,hatchback,mid-range,117,50
2022,30950,5,manual,False,20.680188706973553,2020,10,diesel,van,mid-range,115,50
2020,44762,7,manual,True,13.202844754159667,2019,2,petrol,luxury,budget,112,50
2011,120189,8,manual,True,15.179302269071867,2011,6,diesel,suv,mid-range,103,50
2015,131909,7,automatic,True,16.963167265805616,2014,1,petrol,hatchback,mid-range,84,50
2023,18659,5,manual,True,12.873294594243351,2022,3,petrol,hatchback,luxury,127,50
2020,37758,5,manual,True,19.665359374684567,2020,2,diesel,suv,luxury,152,50
2010,172395,5,automatic,True,14.802024263468041,2010,3,petrol,sedan,mid-range,81,50
2010,163862,4,manual,True,10.944436058080417,2010,5,petrol,suv,mid-range,80,50
2024,2470,4,manual,False,10.450199904889926,2024,10,petrol,sedan,premium,111,50
2015,130198,5,manual,True,13.29595191593738,2014,6,petrol,van,premium,111,50
2023,15214,4,manual,True,14.63133226074174,2023,9,petrol,suv,budget,97,50
2014,116990,4,automatic,True,13.14159290687153,2012,10,petrol,van,mid-range,104,50
2011,159460,4,manual,True,27.791022136349117,2010,4,cng,suv,mid-range,74,50
2017,100974,2,manual,True,14.621886161286735,2015,7,petrol,hatchback,mid-range,74,50
2018,72503,2,automatic,True,17.48372420057583,2017,6,diesel,suv,budget,89,50
2023,14258,8,automatic,True,14.120675009374281,2021,2,petrol,sedan,budget,107,50
2022,21853,5,automatic,True,15.485657834288606,2022,10,petrol,suv,premium,142,50
2021,27888,5,manual,False,20.47700419509815,2021,8,cng,sedan,mid-range,95,50
2014,105619,5,manual,True,15.196259448523119,2014,7,petrol,hatchback,budget,61,50
2018,81343,4,automatic,True,9.599848498335751,2016,7,lpg,suv,mid-range,96,50
2018,91130,7,automatic,False,13.39396562565264,2017,8,petrol,luxury,premium,166,50
2014,113765,7,manual,True,6.380326550942007,2013,1,electric,sedan,premium,106,50
2009,173591,4,manual,True,16.001970602103494,2009,1,diesel,sedan,mid-range,65,50
2012,110972,5,manual,True,26.499649419351236,2012,8,cng,suv,mid-range,91,50
2018,60843,7,automatic,True,19.495506845333622,2016,4,diesel,van,luxury,168,50
2014,128788,7,manual,True,19.94128574925137,2013,5,diesel,hatchback,mid-range,81,50
2023,14058,5,manual,True,13.399961923358905,2021,8,petrol,suv,mid-range,120,50
2014,125590,5,manual,True,11.126226720097856,2013,5,petrol,suv,mid-range,85,50
2019,44228,4,automatic,True,22.405512541016883,2019,10,cng,sedan,budget,85,50
2020,39382,8,automatic,True,14.105908576771673,2018,4,petrol,van,mid-range,127,50
2013,150632,4,manual,True,14.697433025085573,2012,6,petrol,hatchback,luxury,101,50
2009,124563,7,automatic,True,22.53368549284578,2009,5,hybrid,sedan,premium,118,50
2016,93047,5,automatic,False,13.81191517883061,2015,7,petrol,hatchback,mid-range,82,50
2013,96328,5,manual,True,9.693306908090108,2012,10,lpg,sedan,luxury,113,50
2020,47044,5,manual,True,4.921016004344619,2020,7,electric,van,budget,119,50
2020,55526,4,manual,True,15.43917054987871,2019,4,diesel,sedan,mid-range,84,50
2020,40764,4,automatic,True,24.405946247128576,2019,5,cng,hatchback,mid-range,83,50
2013,125056,4,manual,False,12.605658680695992,2013,3,petrol,sedan,premium,83,50
2015,81945,4,automatic,True,15.773188354013886,2014,4,petrol,hatchback,budget,71,50
2012,108452,7,automatic,True,21.315557456449667,2010,4,diesel,luxury,mid-range,130,50
2014,136569,5,manual,True,10.597293157161793,2012,3,petrol,hatchback,premium,89,50
2021,35020,4,automatic,True,3.709726608998393,2020,10,electric,hatchback,premium,130,50
2024,529,8,manual,True,22.320738119605984,2024,5,cng,luxury,premium,163,50
2012,141933,7,manual,False,20.009177951611527,2012,5,diesel,sedan,mid-range,87,50
2022,25030,7,automatic,True,17.31552295803238,2022,7,petrol,suv,budget,115,50
2023,10964,8,automatic,True,10.50471781169806,2022,4,lpg,sedan,mid-range,117,50
2011,119841,4,manual,True,21.467003993135748,2010,4,diesel,van,budget,67,50
2015,133952,5,automatic,True,16.536585750109527,2013,9,diesel,suv,luxury,167,50
2016,96182,7,automatic,True,10.165147516366346,2016,6,petrol,hatchback,mid-range,105,50
2012,107318,5,manual,True,24.90756378054392,2011,4,cng,hatchback,mid-range,65,50
2024,4923,4,automatic,True,21.514680125943894,2023,2,diesel,sedan,premium,109,50
2021,29196,7,manual,True,21.162192274608095,2020,6,hybrid,sedan,mid-range,122,50
2010,177354,4,manual,True,24.7808401514913,2010,2,hybrid,sedan,mid-range,73,50
2020,44991,4,manual,True,17.698801067506224,2020,5,petrol,suv,premium,115,50
2018,90700,5,automatic,True,16.948141262707047,2016,6,diesel,sedan,premium,119,50
2022,28441,5,automatic,True,18.58692002603137,2022,4,hybrid,sedan,premium,126,50
2011,130787,5,manual,True,13.6988448074773,2010,3,petrol,luxury,budget,78,50
2009,144258,4,manual,True,20.42932918167644,2009,7,hybrid,van,mid-range,98,50
2016,79295,7,automatic,True,22.830422645151806,2016,2,cng,suv,premium,118,50
2023,8936,4,manual,True,14.431758091419134,2023,6,diesel,suv,budget,97,50
2011,180697,4,automatic,True,4.909952201849711,2011,4,electric,sedan,mid-range,91,50
2020,57643,7,automatic,True,20.933522781878086,2020,6,hybrid,hatchback,premium,132,50
2018,76851,8,manual,True,18.1184494042546,2017,4,hybrid,luxury,budget,118,50
2015,130989,7,automatic,True,13.30135955202833,2015,4,petrol,sedan,premium,114,50
2018,75342,7,manual,True,12.051552139705505,2017,4,petrol,sedan,mid-range,98,50
2013,155820,5,automatic,True,20.103755109672186,2012,9,diesel,luxury,mid-range,121,50
2018,75279,5,automatic,True,19.628065152706725,2017,7,diesel,hatchback,budget,92,50
2013,166094,4,automatic,True,18.78328793810666,2011,3,diesel,sedan,premium,109,50
2022,29282,5,manual,True,4.9783910826778595,2021,3,electric,hatchback,mid-range,102,50
2015,86465,5,automatic,False,10.080569078658264,2015,6,petrol,suv,mid-range,94,50
2023,14240,4,manual,True,17.919149955073394,2021,6,diesel,suv,premium,123,50
2017,64513,5,manual,True,12.198322115374399,2017,4,petrol,luxury,premium,125,50
2020,47019,5,manual,True,4.959727012979442,2019,9,electric,luxury,luxury,208,50
2013,141388,4,manual,False,14.257322162581051,2013,4,diesel,suv,mid-range,86,50
2009,156447,4,manual,True,10.875199403682672,2009,9,petrol,van,mid-range,82,50
2018,55851,5,automatic,True,15.278566741547158,2016,4,petrol,suv,luxury,155,50
2018,55827,4,automatic,True,5.155090344460465,2018,2,electric,luxury,premium,156,50
2009,131562,7,manual,True,18.996778012161236,2009,2,diesel,suv,mid-range,89,50
2023,14834,5,automatic,True,12.55259977856581,2023,5,petrol,luxury,budget,116,50
2010,195315,5,manual,True,9.14718291675416,2010,4,lpg,van,premium,111,50
2024,1780,5,automatic,True,4.030628091964621,2023,7,electric,sedan,mid-range,119,50
2022,20166,7,automatic,True,11.876996555290035,2022,5,lpg,van,premium,159,50
2014,146158,4,manual,False,17.33467692178235,2013,6,diesel,luxury,mid-range,102,50
2024,4888,5,automatic,True,18.48167522192756,2022,10,diesel,luxury,budget,141,50
2017,82630,5,manual,True,22.668919127821454,2017,4,cng,sedan,premium,88,50
2016,115832,4,manual,True,17.43457073574109,2016,2,diesel,luxury,budget,84,50
2021,34877,7,automatic,True,4.46496472453446,2019,10,electric,luxury,mid-range,159,50
2013,142279,7,manual,True,16.137434627229293,2013,9,petrol,sedan,mid-range,95,50
2009,144283,5,manual,True,21.72844906212159,2009,10,diesel,van,mid-range,102,50
2024,4687,7,manual,True,11.655329498768936,2022,7,petrol,sedan,premium,134,50
2021,28584,7,automatic,True,17.201878859456876,2019,4,petrol,sedan,premium,118,50
2015,107552,5,manual,True,14.18385212084666,2015,3,petrol,suv,premium,107,50
2024,1480,7,manual,True,10.916049571751852,2022,10,petrol,hatchback,budget,110,50
2023,13397,5,automatic,True,10.434736882414004,2023,3,lpg,hatchback,budget,90,50
2013,125478,5,automatic,True,13.20676188522783,2013,9,petrol,sedan,mid-range,94,50
2014,95274,5,manual,True,18.83287120920678,2012,5,diesel,van,luxury,150,50
2021,31483,7,manual,True,20.554700313677575,2021,3,hybrid,sedan,premium,125,50
2015,128213,4,manual,False,19.993890644819736,2014,5,diesel,sedan,premium,93,50
2011,113229,7,manual,True,11.654084192558093,2010,2,petrol,sedan,mid-range,85,50
2020,41666,7,manual,True,4.736746367853878,2020,4,electric,hatchback,mid-range,104,50
2018,75066,2,automatic,True,21.490775579768666,2017,10,diesel,van,mid-range,109,50
2024,1758,7,automatic,True,3.5244848380659994,2024,2,electric,hatchback,budget,108,50
2011,114698,4,automatic,True,19.915969420209898,2010,2,hybrid,luxury,budget,95,50
2013,111296,4,manual,True,9.597606634964535,2011,8,lpg,sedan,luxury,120,50
2014,146933,5,automatic,True,18.732794583333916,2014,1,diesel,suv,mid-range,90,50
2017,82196,4,manual,True,11.597483409345433,2017,7,petrol,suv,mid-range,95,50
2021,29442,7,automatic,True,14.096500142579206,2021,5,diesel,suv,budget,122,50
2022,27879,7,automatic,False,14.050957901217672,2022,8,petrol,sedan,luxury,161,50
2020,60728,5,manual,True,20.303506503487483,2020,1,cng,hatchback,mid-range,78,50
2013,148554,2,automatic,True,15.37513612509098,2013,7,petrol,suv,premium,99,50
2023,16022,4,manual,True,17.292945644027427,2021,5,petrol,luxury,luxury,182,50
2009,179938,5,automatic,True,21.542253891592367,2009,4,hybrid,suv,mid-range,97,50
2022,24150,8,manual,True,14.27433342648434,2021,7,diesel,sedan,premium,140,50
2022,20071,5,manual,True,14.017296086109226,2022,10,petrol,hatchback,budget,94,50
2022,30892,4,automatic,True,19.618707472814894,2021,2,diesel,sedan,budget,86,50
2012,146360,5,manual,True,21.17568324723049,2011,1,cng,luxury,premium,112,50
2013,149483,5,automatic,True,17.72671020046664,2011,1,petrol,hatchback,premium,93,50
2020,46509,7,manual,True,27.33662559092383,2019,1,cng,sedan,mid-range,86,50
2024,11,4,automatic,True,17.53307881658695,2022,5,petrol,van,mid-range,121,50
2018,75382,7,automatic,True,20.354873830282884,2017,10,hybrid,suv,mid-range,131,50
2018,83329,5,manual,True,23.08327494462523,2018,7,hybrid,sedan,budget,95,50
2024,3065,8,manual,True,16.920500239874883,2023,2,petrol,hatchback,mid-range,104,50
2013,163681,4,manual,True,16.232681089210267,2011,10,diesel,sedan,mid-range,93,50
2015,89203,5,manual,True,13.999818119699349,2013,8,petrol,luxury,mid-range,116,50
2012,160354,7,manual,True,4.821456538246002,2010,4,electric,luxury,premium,144,50
2009,223110,4,automatic,True,18.63503781878359,2009,3,diesel,van,mid-range,87,50
2022,24128,7,automatic,True,15.618217448725352,2021,10,diesel,suv,budget,124,50
2022,21612,5,automatic,True,11.127231549503868,2020,8,petrol,suv,mid-range,119,50
2013,149389,4,automatic,True,11.74323575852308,2013,2,petrol,luxury,premium,129,50
2015,122009,4,automatic,True,15.181360021695806,2015,3,petrol,sedan,mid-range,74,50
2018,86175,5,automatic,True,13.374039842273568,2017,3,petrol,suv,budget,87,50
2018,57660,4,manual,True,16.161991000493714,2017,10,diesel,suv,mid-range,112,50
2014,92017,5,automatic,False,27.98621943098597,2012,1,cng,sedan,premium,94,50
2013,156903,4,automatic,False,18.037128447584603,2012,6,diesel,suv,mid-range,90,50
2012,170303,5,manual,True,21.804555706848657,2011,2,diesel,luxury,premium,117,50
2010,128728,2,manual,True,10.58003926196627,2010,1,lpg,luxury,luxury,136,50
2012,169209,7,manual,True,6.241878468278372,2010,2,electric,sedan,premium,109,50
2023,14042,8,manual,False,26.24416460695685,2022,6,cng,sedan,premium,116,50
2018,67159,8,automatic,True,18.930163913673532,2018,4,diesel,sedan,mid-range,121,50
2018,92305,5,manual,True,11.174413054031971,2017,6,petrol,luxury,budget,103,50
2011,183883,4,manual,True,13.831951469114482,2011,9,petrol,sedan,luxury,121,50
2018,69996,7,automatic,True,6.312238170931505,2018,10,electric,hatchback,mid-range,124,50
2024,2524,2,manual,True,10.139444364016367,2024,10,petrol,sedan,budget,87,50
2009,209600,2,manual,True,15.871162967196746,2009,8,petrol,hatchback,premium,76,50
2016,116624,4,manual,True,21.489184836104187,2014,1,diesel,suv,mid-range,89,50
2013,140764,5,automatic,True,21.67503883509558,2011,8,diesel,luxury,mid-range,129,50
2021,32054,7,automatic,True,15.664879971364059,2020,9,diesel,sedan,mid-range,134,50
2012,168927,5,manual,True,10.588650355917526,2010,6,petrol,hatchback,mid-range,75,50
2024,3348,5,automatic,True,15.032908959296952,2022,10,petrol,sedan,premium,132,50
2016,106520,4,manual,True,16.489548819751555,2015,5,diesel,hatchback,mid-range,83,50
2024,1472,8,automatic,True,9.58162004211883,2023,6,lpg,luxury,mid-range,141,50
2015,104262,5,automatic,True,4.646255087604121,2015,6,electric,sedan,mid-range,108,50
2010,131181,5,automatic,True,22.294500998187893,2009,9,cng,luxury,premium,135,50
2009,196521,4,manual,True,21.56952746785354,2009,4,hybrid,hatchback,premium,65,50
2020,50390,7,automatic,True,20.159938249749633,2018,2,diesel,sedan,mid-range,112,50
2024,3017,5,automatic,True,16.344082461004795,2024,9,petrol,suv,premium,147,50
2024,4341,4,manual,True,20.93411201833075,2024,2,diesel,sedan,budget,78,50
2019,75665,4,automatic,True,18.15381395351622,2018,10,diesel,hatchback,luxury,143,50
2012,121178,5,manual,True,21.945808538244393,2010,9,diesel,luxury,mid-range,115,50
2016,75970,5,automatic,True,14.092577590042161,2014,2,diesel,sedan,premium,108,50
2020,53349,4,manual,True,16.396741244681724,2018,8,diesel,suv,budget,102,50
2010,182630,8,automatic,True,11.061150995631724,2010,9,petrol,luxury,mid-range,134,50
2011,191039,4,manual,True,18.985294029956638,2010,10,diesel,van,mid-range,102,50
2020,40292,5,manual,True,14.1491095253281,2018,9,petrol,suv,premium,123,50
2009,208651,7,manual,True,18.90833563447385,2009,10,hybrid,van,mid-range,115,50
2009,133495,5,manual,True,16.232540114875757,2009,9,petrol,suv,luxury,142,50
2021,39508,5,manual,True,12.08506763805601,2020,2,petrol,suv,mid-range,97,50
2011,110009,5,manual,True,17.75431928749986,2009,4,diesel,luxury,mid-range,110,50
2019,63041,4,manual,True,14.932823731430407,2017,7,diesel,suv,budget,95,50
2013,165711,8,manual,True,16.94229668384451,2011,2,diesel,suv,premium,129,50
2020,54325,5,manual,True,11.303332744012952,2018,1,petrol,suv,mid-range,89,50
2011,156718,7,automatic,True,14.203577146360313,2010,3,diesel,luxury,premium,142,50
2009,139238,4,manual,True,12.694552887739654,2009,4,petrol,luxury,luxury,148,50
2009,160273,4,automatic,True,23.219561107548742,2009,8,cng,suv,luxury,137,50
2016,79118,2,automatic,True,25.91602763924866,2014,6,cng,suv,mid-range,82,50
2018,88250,5,automatic,True,19.141968368602235,2016,2,diesel,suv,premium,117,50
2019,51256,5,manual,True,14.437593412666526,2019,9,petrol,hatchback,premium,108,50
2020,41727,7,automatic,True,5.075233248337414,2019,2,electric,sedan,budget,109,50
2021,44412,5,manual,False,14.602236758838,2021,5,petrol,luxury,premium,134,50
2021,35390,8,manual,True,21.14194034397084,2020,4,diesel,suv,budget,107,50
2020,60948,4,manual,True,11.047010667661496,2018,7,petrol,suv,mid-range,102,50
2023,17878,7,automatic,True,27.748108455065584,2021,8,cng,sedan,budget,104,50
2022,27856,7,manual,True,13.660550781391773,2021,5,petrol,sedan,budget,95,50
2010,133127,7,manual,True,21.078992990267672,2010,10,diesel,van,mid-range,108,50
2021,45826,7,automatic,True,3.1346013285402266,2020,5,electric,suv,mid-range,136,50
2011,112651,7,automatic,True,19.59635579012437,2010,2,diesel,sedan,premium,110,50
2010,121560,5,manual,True,12.146257564315903,2010,8,petrol,suv,budget,79,50
2011,138050,4,manual,True,11.271182723917676,2011,2,lpg,suv,mid-range,66,50
2015,84282,2,automatic,True,17.72616156398342,2014,10,diesel,sedan,budget,87,50
2009,147802,7,manual,True,18.096252949531916,2009,6,diesel,suv,mid-range,92,50
2018,82086,5,manual,True,16.736193744519607,2018,8,petrol,suv,premium,114,50
2016,70016,7,manual,True,15.095350591965303,2015,6,diesel,hatchback,mid-range,89,50
2021,41356,5,automatic,True,16.728136744953623,2021,4,diesel,suv,premium,130,50
2018,67149,4,automatic,True,12.508601056512246,2016,4,petrol,suv,mid-range,94,50
2018,55694,4,automatic,True,16.70963619627088,2016,6,petrol,van,premium,140,50
2018,55010,5,automatic,True,23.250429269010432,2016,4,hybrid,suv,mid-range,108,50
2022,33355,5,manual,True,13.428516900814337,2020,8,petrol,sedan,mid-range,107,50
2010,198106,4,manual,True,15.812686126611627,2010,9,petrol,sedan,premium,90,50
2011,190941,5,manual,True,15.50182460398619,2009,1,diesel,suv,budget,70,50
2017,83177,4,manual,True,18.694602272578734,2016,4,hybrid,luxury,premium,132,50
2015,90359,5,manual,True,14.08048182835315,2013,4,petrol,sedan,premium,97,50
2012,101567,4,automatic,True,20.56960162679964,2011,2,diesel,hatchback,mid-range,70,50
2018,74007,7,automatic,True,14.975700993047813,2017,6,petrol,sedan,budget,105,50
2013,168572,4,automatic,True,13.162852086891064,2011,3,petrol,suv,budget,82,50
2010,120912,5,manual,True,16.145654142459925,2010,7,petrol,luxury,luxury,160,50
2021,34842,2,automatic,True,23.873344176555502,2021,5,hybrid,suv,premium,127,50
2019,66680,4,automatic,True,13.401515068589266,2018,4,petrol,hatchback,budget,81,50
2021,27571,5,manual,True,13.659693172686575,2019,5,petrol,sedan,mid-range,96,50
2016,73357,5,automatic,True,21.31803121070368,2016,8,diesel,hatchback,mid-range,105,50
2012,106175,5,manual,True,24.519955358603536,2010,3,hybrid,sedan,premium,102,50
2017,82567,4,manual,True,14.141429345847659,2015,7,petrol,luxury,budget,95,50
2013,100194,5,manual,True,18.295386091360935,2011,6,diesel,sedan,mid-range,83,50
2021,45314,7,manual,True,16.654592947087867,2020,1,petrol,luxury,premium,148,50
2017,83046,7,manual,True,19.822112324103554,2015,7,diesel,suv,budget,102,50
2012,141782,2,automatic,True,14.97171816725702,2012,7,diesel,hatchback,mid-range,76,50
2018,65513,5,automatic,True,18.868277146217906,2016,1,diesel,suv,luxury,156,50
2013,149052,4,automatic,True,15.275031428811719,2011,9,petrol,van,premium,130,50
2017,106044,4,automatic,True,12.793283092525998,2017,6,petrol,sedan,mid-range,94,50
2016,72557,8,manual,True,15.362557071852343,2016,2,petrol,sedan,budget,80,50
2024,2345,4,automatic,True,15.13941258406862,2023,5,petrol,suv,budget,112,50
2011,162627,5,manual,True,17.448154207037636,2010,4,petrol,sedan,mid-range,80,50
2009,132984,5,manual,True,20.257117031293976,2009,7,hybrid,sedan,premium,94,50
2011,168196,5,manual,True,10.271363842206885,2010,8,lpg,van,mid-range,85,50
2024,26,5,manual,True,8.167882013624268,2024,1,lpg,van,premium,118,50
2012,124028,2,manual,True,23.64376936583494,2010,5,cng,suv,luxury,118,50
2010,152898,4,manual,True,19.62232817102277,2010,3,diesel,van,mid-range,92,50
2009,132713,5,manual,True,5.697730225874388,2009,1,electric,suv,budget,72,50
2015,75921,4,automatic,True,16.731331488202798,2014,3,petrol,sedan,mid-range,84,50
2024,318,5,manual,True,17.622145036091204,2024,6,diesel,hatchback,luxury,134,50
2016,79664,2,manual,False,15.94618467576559,2016,7,diesel,hatchback,premium,90,50
2015,128314,4,manual,True,21.01899616433113,2015,8,diesel,van,budget,94,50
2022,22359,5,automatic,True,24.482998432840517,2020,4,hybrid,sedan,premium,125,50
2024,4742,4,manual,True,15.179575390009985,2023,3,petrol,hatchback,mid-range,75,50
2013,149211,5,manual,True,12.73205688547235,2013,5,petrol,sedan,luxury,123,50
2020,40372,5,manual,True,26.636179322306997,2019,9,cng,sedan,budget,82,50
2009,192438,7,manual,False,16.236611590890156,2009,6,petrol,sedan,mid-range,81,50
2015,80936,4,manual,True,19.94326975962978,2014,9,diesel,van,premium,126,50
2021,46533,4,manual,True,27.800551380789734,2021,6,cng,luxury,mid-range,102,50
2015,86161,4,manual,True,21.19885825479356,2014,2,diesel,luxury,mid-range,97,50
2017,60379,5,manual,True,20.547221179982586,2017,5,diesel,suv,budget,87,50
2011,144865,5,manual,True,14.601666344502409,2011,9,petrol,suv,mid-range,89,50
2017,90822,2,automatic,True,17.882159904807214,2016,8,petrol,sedan,mid-range,88,50
2022,24343,7,manual,False,26.987785368448034,2021,7,cng,sedan,luxury,142,50
2009,146440,4,manual,True,21.9229954366309,2009,1,diesel,suv,mid-range,81,50
2009,182871,5,manual,True,15.537381865715592,2009,4,diesel,luxury,mid-range,100,50
2022,21162,5,automatic,True,11.980049028558433,2022,7,petrol,suv,premium,145,50
2012,182048,7,manual,True,10.637246727447096,2012,7,petrol,sedan,budget,78,50
2024,2259,5,manual,True,8.707027469693843,2023,6,lpg,sedan,mid-range,103,50
2017,61246,7,automatic,True,10.559134495103581,2015,8,petrol,sedan,premium,125,50
2014,140419,4,manual,True,14.693982142431793,2013,6,diesel,suv,premium,105,50
2021,43333,7,manual,True,15.120243106813444,2021,10,petrol,van,premium,144,50
2019,69975,4,manual,True,16.696022330698067,2019,3,diesel,hatchback,premium,81,50
2011,150157,7,automatic,True,21.817197974170615,2009,4,cng,luxury,budget,101,50
2009,131856,5,manual,True,15.032033400186071,2009,3,diesel,suv,luxury,123,50
2012,161266,7,automatic,True,17.51408183129219,2012,1,petrol,suv,budget,93,50
2020,48782,5,automatic,True,18.185040903249796,2020,10,diesel,sedan,premium,131,50
2021,45350,5,manual,True,23.551057113857766,2021,5,hybrid,luxury,mid-range,121,50
2017,83648,5,manual,True,19.06423124326194,2016,1,diesel,luxury,luxury,162,50
2011,142169,5,manual,True,20.064254911004983,2010,1,cng,sedan,premium,77,50
2020,47922,4,manual,True,18.626308921387228,2018,2,diesel,suv,premium,105,50
2017,65108,4,manual,True,23.93665364310732,2017,4,cng,suv,mid-range,87,50
2015,94630,4,automatic,True,16.073921083122162,2015,6,diesel,hatchback,mid-range,81,50
2020,40181,4,automatic,True,10.01545531433204,2018,8,petrol,van,premium,134,50
2022,30911,7,automatic,True,15.806168375662219,2022,3,petrol,hatchback,premium,121,50
2023,12999,4,manual,True,15.256521460263563,2021,1,petrol,suv,budget,85,50
2024,1978,8,automatic,True,24.250886653562134,2022,3,cng,sedan,luxury,160,50
2012,106376,4,automatic,True,24.45704927702639,2012,3,hybrid,sedan,premium,95,50
2011,106007,4,automatic,True,21.270592247750375,2010,5,diesel,sedan,mid-range,82,50
2018,48588,7,manual,True,15.858433537755726,2017,4,petrol,sedan,premium,116,50
2023,10366,5,automatic,True,12.843243254098685,2022,4,petrol,hatchback,mid-range,99,50
2024,1216,5,manual,True,22.663890958445933,2023,9,hybrid,hatchback,mid-range,114,50
2013,130410,5,manual,True,14.169378909883028,2013,7,diesel,sedan,mid-range,88,50
2013,144555,5,manual,True,16.56397155726284,2011,4,petrol,luxury,mid-range,108,50
2011,159415,4,automatic,True,16.784106830107945,2009,3,diesel,sedan,premium,93,50
2020,57028,8,automatic,True,10.357655451350896,2020,6,petrol,suv,mid-range,122,50
2017,66294,8,manual,True,16.043448804976222,2016,3,petrol,sedan,premium,107,50
2012,152334,5,manual,True,19.751939803184488,2010,6,diesel,suv,premium,112,50
2019,63474,4,manual,False,12.136575530792701,2019,9,petrol,sedan,premium,95,50
2013,132229,5,manual,True,11.459975892118138,2013,6,lpg,suv,budget,70,50
2012,150303,4,manual,True,13.814702198864573,2011,4,petrol,suv,premium,97,50
2013,109141,2,manual,True,16.581090172457763,2013,5,petrol,van,mid-range,74,50
2015,119261,4,automatic,True,12.170872281529096,2013,6,petrol,sedan,mid-range,91,50
2024,3688,5,manual,True,19.64950827594995,2022,3,hybrid,sedan,mid-range,110,50
2017,65397,7,manual,True,20.135431410793274,2017,8,diesel,sedan,mid-range,109,50
2015,107732,5,manual,True,17.32894835545488,2013,4,diesel,hatchback,premium,86,50
2021,39592,5,automatic,True,11.481660093151149,2021,8,petrol,sedan,mid-range,110,50
2013,103631,5,automatic,True,15.450505482783074,2011,10,petrol,luxury,premium,146,50
2018,82574,4,automatic,True,14.135278506050938,2017,10,diesel,suv,budget,104,50
2018,84417,5,manual,True,24.261662658376807,2016,3,hybrid,suv,mid-range,106,50
2015,92668,8,manual,True,21.610002916409357,2014,10,cng,hatchback,luxury,134,50
2022,31803,2,manual,True,14.267159132054436,2021,7,petrol,sedan,premium,100,50
2023,17132,7,automatic,True,18.9443494329899,2023,9,diesel,sedan,mid-range,126,50
2018,81364,5,automatic,True,22.27739513557454,2017,4,cng,suv,mid-range,101,50
2013,109455,5,automatic,False,14.115230949969476,2011,8,petrol,hatchback,mid-range,93,50
2011,119829,5,automatic,True,19.289855533195205,2009,3,hybrid,sedan,mid-range,88,50
2015,81240,5,automatic,True,12.054156124303304,2014,7,petrol,sedan,premium,116,50
2021,30273,7,manual,True,26.121225286788373,2021,3,cng,van,premium,130,50
2019,52243,7,automatic,True,19.491423857122747,2018,7,hybrid,sedan,mid-range,120,50
2019,52521,5,manual,True,23.76277806970507,2017,10,cng,luxury,luxury,179,50
2010,179599,4,manual,True,14.504757449465725,2010,10,diesel,luxury,mid-range,107,50
2023,12907,5,manual,True,10.279042446560222,2022,6,petrol,sedan,mid-range,103,50
2020,49743,7,manual,True,22.53883266880205,2019,2,cng,sedan,mid-range,103,50
2017,84169,4,manual,True,13.282153106653734,2016,3,petrol,sedan,premium,92,50
2018,68264,5,manual,True,10.852475843742145,2016,6,petrol,hatchback,mid-range,79,50
2018,61432,5,manual,True,4.618423531787452,2016,4,electric,hatchback,mid-range,88,50
2020,32341,5,manual,False,19.897440930982548,2018,6,hybrid,luxury,mid-range,122,50
2009,174703,4,manual,True,24.981008218895354,2009,1,cng,van,budget,48,50
2021,41094,5,manual,True,17.24791320519362,2019,10,petrol,hatchback,premium,115,50
2014,150739,7,manual,True,20.129724180406093,2012,1,hybrid,sedan,mid-range,95,50
2015,84958,4,manual,True,4.781910732333383,2015,3,electric,sedan,budget,77,50
2022,30067,4,automatic,True,10.330002587773844,2022,8,petrol,luxury,premium,158,50
2021,48833,8,automatic,True,13.45320683347505,2021,8,petrol,sedan,luxury,165,50
2016,76178,4,automatic,True,10.417964669606622,2016,4,petrol,sedan,luxury,136,50
2018,79987,7,automatic,True,10.76435099651813,2018,6,petrol,hatchback,mid-range,108,50
2017,87426,5,manual,True,10.25159930542716,2017,8,lpg,suv,budget,89,50
2010,197669,4,automatic,True,14.862846209228117,2009,7,diesel,van,mid-range,94,50
2019,75074,7,manual,True,6.494690908719059,2018,7,electric,hatchback,budget,99,50
2018,69384,5,manual,True,11.80137390605562,2017,4,lpg,sedan,luxury,123,50
2010,145248,5,automatic,True,15.270933335376176,2009,9,petrol,van,budget,84,50
2013,148809,5,manual,True,21.601357494917213,2011,10,hybrid,sedan,mid-range,95,50
2021,38193,5,automatic,True,19.20200575716952,2021,6,diesel,suv,mid-range,127,50
2013,110323,4,automatic,True,25.222078047809003,2011,3,cng,suv,mid-range,81,50
2014,119059,5,automatic,True,15.176890087792756,2014,5,petrol,sedan,premium,99,50
2011,183490,8,automatic,True,26.155166214726417,2011,5,cng,suv,mid-range,107,50
2016,108416,4,manual,True,10.264417559035518,2014,5,petrol,sedan,budget,79,50
2024,97,5,manual,True,10.009051800966962,2023,8,petrol,suv,mid-range,112,50
2021,35530,4,manual,True,22.994201523038306,2019,9,hybrid,suv,mid-range,123,50
2009,206949,7,manual,True,10.630544617942272,2009,9,petrol,luxury,budget,93,50
2014,90704,4,automatic,True,16.49990660914284,2014,6,diesel,luxury,premium,139,50
2012,146895,8,automatic,True,16.784241221666022,2012,6,diesel,sedan,mid-range,108,50
2009,135487,5,automatic,True,4.847337738242434,2009,9,electric,suv,premium,127,50
2023,14163,4,manual,True,16.103991181695537,2022,4,petrol,suv,luxury,153,50
2015,133516,4,manual,True,14.676611782012056,2013,6,petrol,sedan,luxury,111,50
2017,86053,4,manual,True,10.304945961507933,2015,4,petrol,luxury,luxury,165,50
2021,35366,5,manual,True,17.89445661586595,2020,1,diesel,hatchback,mid-range,91,50
2012,104371,4,automatic,False,13.904776126982618,2010,7,petrol,sedan,budget,74,50
2012,144424,7,manual,False,15.696234856435611,2010,10,petrol,suv,mid-range,103,50
2014,97242,5,manual,True,16.95161115680645,2014,6,petrol,sedan,premium,105,50
2020,48375,4,manual,True,17.472291925272085,2019,9,petrol,hatchback,luxury,125,50
2023,17960,5,automatic,True,21.82862715887499,2023,7,diesel,sedan,premium,124,50
2011,108923,5,automatic,True,21.253674366103354,2010,7,cng,van,budget,86,50
2021,31688,4,manual,True,12.619524503632533,2021,2,petrol,luxury,luxury,167,50
2020,60177,4,manual,True,21.723537765909683,2018,9,diesel,suv,mid-range,99,50
2014,115159,2,manual,False,17.3300879948806,2013,10,diesel,hatchback,budget,55,50
2015,121793,5,manual,True,16.123993737746257,2014,9,diesel,van,mid-range,104,50
2019,60068,5,automatic,True,3.084768984911411,2019,6,electric,hatchback,budget,99,50
2018,66666,5,automatic,True,16.420737221312926,2017,3,diesel,sedan,mid-range,97,50
2018,76992,7,manual,True,16.150250385292832,2016,1,diesel,suv,mid-range,103,50
2011,107977,7,manual,False,11.086659427306126,2009,4,petrol,luxury,mid-range,98,50
2015,86809,5,automatic,True,18.257966457134245,2013,3,diesel,hatchback,premium,95,50
2022,26143,7,manual,True,18.854878462407427,2022,1,diesel,hatchback,premium,113,50
2011,124932,4,automatic,True,11.895407365851579,2010,3,petrol,luxury,premium,123,50
2021,46854,4,manual,True,16.20937193632179,2021,4,petrol,luxury,mid-range,113,50
2021,36244,4,manual,True,8.28968925144274,2019,8,lpg,van,premium,133,50
2010,163869,4,manual,True,17.91023510583733,2009,9,diesel,sedan,luxury,121,50
2020,60677,5,manual,True,17.26395489798522,2018,3,diesel,suv,budget,89,50
2022,21316,7,automatic,True,25.932138018615923,2021,6,cng,hatchback,mid-range,107,50
2018,77685,2,manual,True,3.9099635634762495,2017,10,electric,luxury,mid-range,123,50
2012,104965,4,manual,True,15.690280300559502,2012,5,diesel,hatchback,budget,65,50
2020,39050,5,manual,True,24.483457220804787,2019,6,hybrid,sedan,premium,119,50
2016,68750,7,manual,True,24.795427136883347,2014,4,cng,luxury,premium,125,50
2021,44841,4,manual,True,17.860044731056906,2020,10,diesel,hatchback,budget,88,50
2023,18939,5,manual,True,16.728821710419666,2021,6,diesel,sedan,premium,120,50
2017,65164,2,automatic,True,17.771873720338483,2017,7,petrol,suv,premium,120,50
2015,82418,4,manual,True,9.181042520343896,2013,9,lpg,sedan,luxury,116,50
2009,219477,8,manual,True,18.332763702386742,2009,10,diesel,suv,mid-range,102,50
2011,161928,8,automatic,True,13.731148938883045,2009,7,petrol,sedan,luxury,143,50
2021,43199,2,manual,True,20.460574922422378,2019,6,cng,suv,mid-range,90,50
2020,38331,8,automatic,True,19.40151532409299,2019,1,diesel,suv,mid-range,122,50
2022,30474,5,manual,True,12.442825708382319,2020,2,petrol,hatchback,budget,88,50
2017,61434,7,automatic,True,19.066497395492885,2016,1,diesel,hatchback,budget,100,50
2023,15718,5,automatic,True,17.699921683244746,2023,9,diesel,luxury,premium,168,50
2020,55607,5,automatic,False,26.21956502602729,2018,10,cng,sedan,mid-range,103,50
2009,215619,5,automatic,True,13.433524655680277,2009,10,petrol,sedan,mid-range,97,50
2017,77097,5,manual,True,18.619063111348517,2015,9,hybrid,luxury,budget,114,50
2016,96773,4,automatic,True,18.448419394239686,2014,7,diesel,sedan,premium,109,50
2009,120700,2,manual,True,12.43850515716106,2009,2,petrol,van,budget,55,50
2014,118316,4,manual,True,8.77417349295829,2012,6,lpg,luxury,premium,122,50
2013,145488,5,manual,True,16.278849047686077,2011,4,diesel,suv,budget,75,50
2014,141621,4,manual,False,12.051900185657235,2014,1,petrol,van,budget,65,50
2018,80763,5,manual,False,14.193922072179117,2016,1,diesel,sedan,mid-range,79,50
2020,53268,8,manual,True,23.06464225066548,2019,5,cng,suv,mid-range,110,50
2021,34200,4,manual,True,14.750006019257437,2019,2,petrol,hatchback,mid-range,74,50
2024,1018,5,automatic,True,10.125887842988355,2022,4,petrol,suv,mid-range,119,50
2021,31299,5,automatic,False,12.076417989319905,2019,1,petrol,van,luxury,157,50
2021,40553,7,manual,False,15.291056622759912,2021,4,petrol,sedan,premium,113,50
2023,14599,4,manual,True,24.68058553559765,2022,6,hybrid,suv,budget,107,50
2013,137373,5,manual,True,19.000155633344832,2012,10,diesel,hatchback,mid-range,89,50
2024,3819,7,manual,True,10.25650157045444,2022,4,petrol,hatchback,premium,118,50
2014,115639,7,manual,True,10.66561453207148,2014,1,petrol,sedan,mid-range,79,50
2013,154357,5,manual,True,12.347169158286277,2013,7,petrol,suv,budget,86,50
2019,56416,5,manual,True,22.6430474746371,2018,2,cng,luxury,premium,122,50
2020,52663,5,automatic,True,17.02243838887188,2020,9,petrol,sedan,premium,117,50
2013,102545,7,manual,True,10.215361168914946,2011,3,lpg,luxury,mid-range,99,50
2012,155512,5,manual,True,16.020548473101496,2010,8,diesel,hatchback,budget,78,50
2011,137777,2,manual,False,16.11908928132237,2011,8,petrol,luxury,budget,72,50
2011,151421,7,manual,True,23.584601212653077,2009,3,cng,hatchback,premium,90,50
2012,133362,5,manual,True,19.351629680546196,2011,4,diesel,sedan,mid-range,72,50
2017,73832,5,automatic,True,4.902482457233036,2015,2,electric,hatchback,mid-range,112,50
2010,130094,4,manual,True,9.531171324319637,2010,4,lpg,luxury,mid-range,84,50
2023,14475,5,manual,True,10.177253035329947,2022,9,petrol,suv,mid-range,107,50
2017,102119,5,automatic,True,14.013702533507935,2015,2,petrol,van,luxury,168,50
2009,196732,5,automatic,True,4.697585170994143,2009,3,electric,suv,premium,112,50
2022,29403,4,automatic,True,12.197499951899335,2022,4,petrol,sedan,premium,112,50
2023,15393,5,manual,True,15.189165272496503,2021,5,petrol,suv,budget,95,50
2023,13413,8,automatic,True,15.772431060747689,2021,1,petrol,van,budget,119,50
2009,183986,2,manual,True,16.90290061703426,2009,7,petrol,suv,mid-range,65,50
2013,151181,8,manual,True,24.449260769677693,2011,10,hybrid,luxury,budget,128,50
2014,149496,5,manual,True,13.803329896832114,2012,7,petrol,luxury,luxury,173,50
2014,105983,7,manual,True,19.976067996775676,2012,9,diesel,suv,budget,101,50
2011,174747,7,manual,True,21.32742196883025,2009,4,diesel,sedan,mid-range,94,50
2024,3439,5,manual,True,21.664982363836906,2024,6,diesel,hatchback,mid-range,102,50
2015,134644,5,automatic,True,17.955600708364678,2013,2,petrol,suv,premium,113,50
2017,81363,7,automatic,True,18.377995045267273,2016,4,hybrid,luxury,budget,134,50
2019,55676,5,automatic,True,17.839888858296874,2019,2,petrol,suv,mid-range,105,50
2020,42925,4,manual,True,20.52224796384094,2019,10,hybrid,suv,mid-range,112,50
2018,84978,5,automatic,True,22.769400618449033,2017,5,cng,luxury,premium,136,50
2024,4971,7,manual,False,14.084208370477612,2023,7,diesel,suv,budget,112,50
2024,1760,7,automatic,True,21.922993674837098,2024,1,diesel,suv,luxury,163,50
2016,120349,7,manual,True,19.464146547953288,2016,10,diesel,suv,premium,134,50
2014,86335,5,automatic,True,17.057333795768265,2014,10,petrol,suv,mid-range,109,50
2020,38266,7,manual,True,22.706284737679272,2018,7,cng,suv,premium,128,50
2016,82984,4,automatic,True,26.464621341605003,2015,10,cng,luxury,budget,98,50
2020,47855,5,automatic,True,14.598955961264567,2020,6,petrol,suv,luxury,160,50
2013,94717,2,manual,False,19.148193282993514,2012,6,diesel,suv,mid-range,81,50
2016,117419,4,manual,True,20.996042034925537,2016,8,cng,hatchback,mid-range,80,50
2018,65418,5,automatic,True,8.629094136305573,2018,8,lpg,sedan,mid-range,99,50
2020,37076,5,manual,True,14.121704761562842,2020,6,diesel,sedan,budget,89,50
2012,119210,5,automatic,True,20.8898672950939,2011,3,diesel,van,luxury,153,50
2018,92753,5,manual,True,13.18405150003052,2016,5,petrol,hatchback,budget,75,50
2016,78089,5,manual,True,10.571007655838187,2016,2,lpg,hatchback,premium,82,50
2018,65091,4,manual,True,12.91509048111828,2018,5,petrol,hatchback,mid-range,80,50
2020,62515,5,manual,True,15.163931577982611,2020,9,diesel,sedan,luxury,148,50
2010,120771,4,automatic,True,10.096998000701959,2010,10,petrol,hatchback,mid-range,76,50
2020,51131,4,manual,True,11.993395977938931,2019,1,petrol,suv,mid-range,87,50
2020,48347,5,manual,True,20.69864123146433,2019,10,diesel,suv,mid-range,118,50
2013,112886,5,manual,True,10.145193463188747,2012,5,lpg,suv,premium,96,50
2017,89172,5,manual,True,15.750465879593317,2016,6,petrol,sedan,budget,75,50
2012,119285,5,automatic,True,14.124500370069729,2012,7,diesel,sedan,budget,84,50
2024,2090,5,automatic,True,14.829056799144531,2022,9,petrol,van,mid-range,132,50
2019,47845,7,manual,True,17.331377513340268,2019,6,petrol,suv,premium,131,50
